env_id,episode,ep_return,ep_length
0,0,-270.7044921895578,2207
0,1,-270.62616028037337,2207
0,2,-269.2494481495637,2207
0,3,-271.1061481430695,2207
0,4,-270.61645084466636,2207
0,5,-271.8229373403869,2207
0,6,-269.02572924895657,2207
0,7,-270.54767755831944,2207
0,8,-269.23174061922737,2207
0,9,-270.07730296671116,2207
0,10,-269.25203428600685,2207
0,11,-269.28876535193757,2207
0,12,-269.22164153448716,2207
0,13,-269.94306674324525,2207
0,14,-268.08414140910486,2207
0,15,-270.3375801628085,2207
0,16,-269.66462935678436,2207
0,17,-269.44733333129807,2207
0,18,-267.28925974559684,2207
0,19,-269.7253570958472,2207
0,20,-269.87470353985805,2207
0,21,-268.57857415013837,2207
0,22,-267.7270193652309,2207
0,23,-269.15120791416075,2207
0,24,-269.934206954136,2207
0,25,-267.89946809633017,2207
0,26,-269.8613019014073,2207
0,27,-269.982756084426,2207
0,28,-268.8109576223376,2207
0,29,-269.266190344493,2207
0,30,-271.17159633056986,2207
0,31,-268.35509333542336,2207
0,32,-267.98551947692386,2207
0,33,-270.6053659749916,2207
0,34,-269.0430265242742,2207
0,35,-269.3705280654551,2207
0,36,-267.8247091289665,2207
0,37,-270.94405574618173,2207
0,38,-268.7434855776334,2207
0,39,-267.93591504979554,2207
0,40,-270.0958410552703,2207
0,41,-268.8789418914762,2207
0,42,-267.66384545830465,2207
0,43,-268.3060548816825,2207
0,44,-271.4504194247643,2207
0,45,-267.4566791023499,2207
0,46,-269.97104310902705,2207
0,47,-270.132827772213,2207
0,48,-269.75143433510107,2207
0,49,-267.3641428779453,2207
0,50,-4.2011435684980825,50
