env_id,episode,ep_return,ep_length
0,0,-266.77500255113546,2207
0,1,-267.0552775576925,2207
0,2,-263.2533286782013,2207
0,3,-260.77428708620823,2207
0,4,-261.83303416674676,2207
0,5,-264.4106832373568,2207
0,6,-265.0348930855539,2207
0,7,-263.86648959076206,2207
0,8,-261.9515567612732,2207
0,9,-261.3392590832206,2207
0,10,-264.31600441019896,2207
0,11,-261.9681942830611,2207
0,12,-264.0339025887838,2207
0,13,-263.3055147851591,2207
0,14,-266.3003707561865,2207
0,15,-264.4540833189821,2207
0,16,-264.3197126047164,2207
0,17,-265.68479237186284,2207
0,18,-266.39680341808156,2207
0,19,-265.8729220082248,2207
0,20,-262.96379681438515,2207
0,21,-262.6067498086026,2207
0,22,-264.3152130337102,2207
0,23,-265.2923135884943,2207
0,24,-263.7782910863222,2207
0,25,-263.9822912943127,2207
0,26,-263.3386165832569,2207
0,27,-264.18441349076664,2207
0,28,-263.47615859689535,2207
0,29,-263.00219372116766,2207
0,30,-263.96990077051026,2207
0,31,-263.3734595769992,2207
0,32,-263.320160898711,2207
0,33,-263.13488995274014,2207
0,34,-263.43297448044035,2207
0,35,-262.0182024793062,2207
0,36,-258.89714670601546,2207
0,37,-261.0464030457513,2207
0,38,-260.45911055672514,2207
0,39,-261.6508611477056,2207
0,40,-262.2519139019959,2207
0,41,-262.5153434776925,2207
0,42,-263.24031699431083,2207
0,43,-264.0006870024844,2207
0,44,-266.391113537217,2207
0,45,-264.16522042072387,2207
0,46,-263.883612008595,2207
0,47,-264.6134678203302,2207
0,48,-264.38197278975895,2207
0,49,-262.97010201086096,2207
0,50,-3.6875659555662423,50
